listname, account
ğŸŒ geo,abel@vis.social
ğŸŒ geo,adamsteer@mastodon.social
ğŸŒ geo,ajturner@nullisland.social
ğŸŒ geo,akadouri@vis.social
ğŸŒ geo,alan_geog@mstdn.social
ğŸŒ geo,alan@subdued.social
ğŸŒ geo,alexgleith@mapstodon.space
ğŸŒ geo,alexnetogeo@fosstodon.org
ğŸŒ geo,alexsingleton@mapstodon.space
ğŸŒ geo,AlidaCantor@mastodon.social
ğŸŒ geo,allan@mastodon.xyz
ğŸŒ geo,allan_mustard@en.osm.town
ğŸŒ geo,amercader@mastodon.social
ğŸŒ geo,andreatitolo@archaeo.social
ğŸŒ geo,anlugonz@mapstodon.space
ğŸŒ geo,annest@fosstodon.org
ğŸŒ geo,annest@mastodon.social
ğŸŒ geo,antiapathy@mastodon.social
ğŸŒ geo,antscott@mastodon.social
ğŸŒ geo,archaeogeek@mastodon.social
ğŸŒ geo,arijerrems@mastodon.online
ğŸŒ geo,ArrogantHair@mstdn.ca
ğŸŒ geo,astroidex@mastodon.social
ğŸŒ geo,astrojuanlu@social.juanlu.space
ğŸŒ geo,AtanasE@mastodon.social
ğŸŒ geo,atanas@mastodon.cloud
ğŸŒ geo,atlefren@fosstodon.org
ğŸŒ geo,avibarzeev@mastodon.social
ğŸŒ geo,azavea@fosstodon.org
ğŸŒ geo,bcamper@mastodon.social
ğŸŒ geo,bil@vis.social
ğŸŒ geo,bitnerd@mastodon.social
ğŸŒ geo,bogind@mapstodon.space
ğŸŒ geo,ccamara@mastodon.social
ğŸŒ geo,christoph@christophfink.com
ğŸŒ geo,codrina@mastodon.social
ğŸŒ geo,ConspiracyOfCartographers@mastodon.social
ğŸŒ geo,CopernicusEU@respublicae.eu
ğŸŒ geo,craigAllan@en.osm.town
ğŸŒ geo,cwillmes@mastodon.social
ğŸŒ geo,darrell@mapstodon.space
ğŸŒ geo,darribas@mapstodon.space
ğŸŒ geo,davidfawcett@mastodon.social
ğŸŒ geo,defuneste@fosstodon.org
ğŸŒ geo,delawen@floss.social
ğŸŒ geo,derek@social.coop
ğŸŒ geo,dinomirMT@mastodon.social
ğŸŒ geo,dkwiens@fosstodon.org
ğŸŒ geo,dkwiens@mastodon.social
ğŸŒ geo,dmfenton@mapstodon.space
ğŸŒ geo,DonMeltz@mastodon.cloud
ğŸŒ geo,doublebyte@fosstodon.org
ğŸŒ geo,DruidSmith@mastodon.social
ğŸŒ geo,eahanson@mastodon.social
ğŸŒ geo,edzer@mastodon.social
ğŸŒ geo,eloi@fosstodon.org
ğŸŒ geo,elpaso@mapstodon.space
ğŸŒ geo,EvenRouault@mastodon.social
ğŸŒ geo,fcorowe@fosstodon.org
ğŸŒ geo,feefifohannah@fosstodon.org
ğŸŒ geo,freyfogle@mastodon.social
ğŸŒ geo,gdal@mastodon.social
ğŸŒ geo,geobabbler@mastodon.cloud
ğŸŒ geo,GeoDon@mapstodon.space
ğŸŒ geo,geomenke@fosstodon.org
ğŸŒ geo,Geomenke@mastodon.social
ğŸŒ geo,Geomenke@mastodon.xyz
ğŸŒ geo,geomob@mapstodon.space
ğŸŒ geo,geonews@mastodon.social
ğŸŒ geo,GeoPlanIT@mastodon.social
ğŸŒ geo,geospacedman@mastodon.social
ğŸŒ geo,geospatialist@mstdn.social
ğŸŒ geo,g_fiske@mapstodon.space
ğŸŒ geo,gicycle@mastodon.social
ğŸŒ geo,giswqs@fosstodon.org
ğŸŒ geo,grantdmckenzie@fosstodon.org
ğŸŒ geo,grassgis@fosstodon.org
ğŸŒ geo,gsapijaszko@fosstodon.org
ğŸŒ geo,htenkanen@mastodon.social
ğŸŒ geo,hughagraham@fosstodon.org
ğŸŒ geo,hugoledoux@fosstodon.org
ğŸŒ geo,ianturton@fosstodon.org
ğŸŒ geo,implgeo@mapstodon.space
ğŸŒ geo,InkedGeo@mastodon.social
ğŸŒ geo,insolit@toot.aquilenet.fr
ğŸŒ geo,ircwaves@fosstodon.org
ğŸŒ geo,IvanSanchez@mastodon.social
ğŸŒ geo,jakobmiksch@mastodon.social
ğŸŒ geo,jamesfee@mastodon.social
ğŸŒ geo,jbryant@fosstodon.org
ğŸŒ geo,jeremy@mapstodon.space
ğŸŒ geo,jessibreen@mastodon.social
ğŸŒ geo,jgomezdans@fediscience.org
ğŸŒ geo,JimmyRocks@fosstodon.org
ğŸŒ geo,joepierce@mastodon.scot
ğŸŒ geo,josiah@mapstodon.space
ğŸŒ geo,jpoehnelt@mastodon.thbps.com
ğŸŒ geo,juanignaciosl@mastodon.social
ğŸŒ geo,justb4@mapstodon.space
ğŸŒ geo,justinmponcet@sciences.re
ğŸŒ geo,JWGrade@mapstodon.space
ğŸŒ geo,kbevers@mapstodon.space
ğŸŒ geo,kgjenkins@mapstodon.space
ğŸŒ geo,kiricarini@mstdn.social
ğŸŒ geo,kris@mapstodon.space
ğŸŒ geo,LadiesOfLandsat@mapstodon.space
ğŸŒ geo,lex_gom@mstdn.social
ğŸŒ geo,LocoCravey@mastodon.social
ğŸŒ geo,louisa_h@mas.to
ğŸŒ geo,ls@hachyderm.io
ğŸŒ geo,luis_de_sousa@mastodon.social
ğŸŒ geo,lunavives@mastodon.social
ğŸŒ geo,lutraconsulting@fosstodon.org
ğŸŒ geo,MapComplete@en.osm.town
ğŸŒ geo,maps4html@mapstodon.space
ğŸŒ geo,mapsmania@mapstodon.space
ğŸŒ geo,martibosch@fosstodon.org
ğŸŒ geo,mattbert@mastodon.online
ğŸŒ geo,matt@nonsocialand.space
ğŸŒ geo,mattzook@mastodon.social
ğŸŒ geo,McGIS@mastodon.social
ğŸŒ geo,MichaelTBacon@social.coop
ğŸŒ geo,MicheleTobias@mapstodon.space
ğŸŒ geo,migurski@mastodon.social
ğŸŒ geo,miketreglia@fosstodon.org
ğŸŒ geo,milesklazar@mastodon.social
ğŸŒ geo,mizmay@mapstodon.space
ğŸŒ geo,mlennert@fosstodon.org
ğŸŒ geo,mmdolbow@mapstodon.space
ğŸŒ geo,mmohr@mastodon.social
ğŸŒ geo,msevilla00@mastodon.social
ğŸŒ geo,mwernergeo@mas.to
ğŸŒ geo,nasa@social.beachcom.org
ğŸŒ geo,natera@fosstodon.org
ğŸŒ geo,naturalgis@fosstodon.org
ğŸŒ geo,nerik@vis.social
ğŸŒ geo,neteler@mastodon.social
ğŸŒ geo,nickrsan@scicomm.xyz
ğŸŒ geo,niklas@niklas.social
ğŸŒ geo,northroadgeo@fosstodon.org
ğŸŒ geo,NRoelandt@sciences.re
ğŸŒ geo,nukeador@mastodon.social
ğŸŒ geo,nyalld@mastodon.social
ğŸŒ geo,nyurik@typing.ink
ğŸŒ geo,ohm@mapstodon.space
ğŸŒ geo,opencage@en.osm.town
ğŸŒ geo,opengeohub@fosstodon.org
ğŸŒ geo,opengisch@mastodon.social
ğŸŒ geo,openlayers@mapstodon.space
ğŸŒ geo,openstreetmap@en.osm.town
ğŸŒ geo,openstreetmap.fr@peertube.openstreetmap.fr
ğŸŒ geo,OpenStreetMapUS@en.osm.town
ğŸŒ geo,organicmaps@fosstodon.org
ğŸŒ geo,osgeolive@fosstodon.org
ğŸŒ geo,osmcatala@mastodont.cat
ğŸŒ geo,pabloh@mastodon.la
ğŸŒ geo,paezha@mastodon.online
ğŸŒ geo,plablo09@mastodon.social
ğŸŒ geo,planetosgeo@fosstodon.org
ğŸŒ geo,pokateo@mapstodon.space
ğŸŒ geo,posiki@mastodon.social
ğŸŒ geo,prushforth@mastodon.social
ğŸŒ geo,pwramsey@mastodon.social
ğŸŒ geo,pygeoapi@noc.social
ğŸŒ geo,qgis@fosstodon.org
ğŸŒ geo,Raf@mastodon.social
ğŸŒ geo,reecejones@mastodon.social
ğŸŒ geo,RegisHaubourg@mastodon.social
ğŸŒ geo,rjhale1971@fosstodon.org
ğŸŒ geo,rkaravia@mastodon.online
ğŸŒ geo,rnanclares@fosstodon.org
ğŸŒ geo,robhawkes@fosstodon.org
ğŸŒ geo,robinlovelace@fosstodon.org
ğŸŒ geo,robinlovelace@mastodon.social
ğŸŒ geo,rosa@coletivos.org
ğŸŒ geo,rtalaverag@mapstodon.space
ğŸŒ geo,rudo@fosstodon.org
ğŸŒ geo,rushtone@mastodon.social
ğŸŒ geo,rustprooflabs@mastodon.social
ğŸŒ geo,sangomahanty@aus.social
ğŸŒ geo,sannajokela@mastodon.social
ğŸŒ geo,sara@hachyderm.io
ğŸŒ geo,sarasomewhere@mastodon.social
ğŸŒ geo,schpidi@mastodon.social
ğŸŒ geo,seateazen@fosstodon.org
ğŸŒ geo,sgillies@mastodon.social
ğŸŒ geo,sig_uca@mapstodon.space
ğŸŒ geo,simonpeth@mastodon.social
ğŸŒ geo,sjen@mastodon.world
ğŸŒ geo,sotm@en.osm.town
ğŸŒ geo,spara@mastodon.social
ğŸŒ geo,SpatialGeek@mastodon.social
ğŸŒ geo,Spatial_Punk@mastodon.social
ğŸŒ geo,StampedingLonghorn@social.linux.pizza
ğŸŒ geo,stevenfeldman@mastodon.me.uk
ğŸŒ geo,strk@friendica.opencloud.lu
ğŸŒ geo,tadusko@mstdn.social
ğŸŒ geo,terglobo@mastodon.social
ğŸŒ geo,terrestris@bonn.social
ğŸŒ geo,timlinux@fosstodon.org
ğŸŒ geo,TiranStefan@mastodon.social
ğŸŒ geo,tjukanov@vis.social
ğŸŒ geo,tmcw@mastodon.social
ğŸŒ geo,tomchadwin@en.osm.town
ğŸŒ geo,tomhengl@fosstodon.org
ğŸŒ geo,tomkralidis@noc.social
ğŸŒ geo,tomo@hachyderm.io
ğŸŒ geo,Transportist@mastodon.social
ğŸŒ geo,tschaub@mapstodon.space
ğŸŒ geo,ulmi@mastodon.social
ğŸŒ geo,underdarkGIS@fosstodon.org
ğŸŒ geo,vcraciunescu@mastodon.social
ğŸŒ geo,VeronicaAndreo@fosstodon.org
ğŸŒ geo,vickyveritas@c.im
ğŸŒ geo,vpicavet@mastodon.social
ğŸŒ geo,waeiski@vis.social
ğŸŒ geo,walkermatt@mastodon.social
ğŸŒ geo,whosonfirst@mapstodon.space
ğŸŒ geo,xemoka@mastodon.social
ğŸŒ geo,xroijals@mastodon.bofhers.es
ğŸŒ geo,zool@mastodon.social
